{
  "PopularityBaseline": {
    "roc_auc": 0.8171888896786517,
    "pr_auc": 0.915778405298852,
    "precision": 0.7875700458481916,
    "recall": 0.9526408450704226,
    "f1": 0.8622764033305446,
    "precision@1": 0.9480212640283521,
    "recall@1": 0.335728483402902,
    "map@1": 0.9570661896243292,
    "ndcg@1": 0.9570661896243292,
    "precision@3": 0.8389446741484544,
    "recall@3": 0.8057195388590737,
    "map@3": 0.9287500828198503,
    "ndcg@3": 0.9486624093024204,
    "precision@5": 0.6549911399881867,
    "recall@5": 0.9851123037169549,
    "map@5": 0.9527160769893329,
    "ndcg@5": 0.971744614418933
  },
  "LogisticRegression": {
    "roc_auc": 0.8349261214934536,
    "pr_auc": 0.9285759705290424,
    "precision": 0.9236505286588759,
    "recall": 0.7305457746478873,
    "f1": 0.8158269845170804,
    "precision@1": 0.931777909037212,
    "recall@1": 0.32676406281057446,
    "map@1": 0.9406678592725104,
    "ndcg@1": 0.9406678592725104,
    "precision@3": 0.8296908840322897,
    "recall@3": 0.7946680580401511,
    "map@3": 0.9123600344530577,
    "ndcg@3": 0.9356911029207008,
    "precision@5": 0.6542232722976964,
    "recall@5": 0.9841930033790499,
    "map@5": 0.9420184025707281,
    "ndcg@5": 0.9645715960002499
  },
  "RandomForest": {
    "roc_auc": 0.8677464014157408,
    "pr_auc": 0.9438735851486773,
    "precision": 0.9237894736842105,
    "recall": 0.7725352112676056,
    "f1": 0.8414189837008629,
    "precision@1": 0.9465445953927939,
    "recall@1": 0.33350725501888295,
    "map@1": 0.9555754323196184,
    "ndcg@1": 0.9555754323196184,
    "precision@3": 0.8308722189407363,
    "recall@3": 0.7973514211886304,
    "map@3": 0.9184390114622673,
    "ndcg@3": 0.9411133575150457,
    "precision@5": 0.6536916715888955,
    "recall@5": 0.9835867620751343,
    "map@5": 0.9460725998807394,
    "ndcg@5": 0.968114212317319
  },
  "XGBoost": {
    "roc_auc": 0.869971914822267,
    "pr_auc": 0.9448538606253127,
    "precision": 0.8676863925108659,
    "recall": 0.9138204225352112,
    "f1": 0.89015606242497,
    "precision@1": 0.9489072652096869,
    "recall@1": 0.3342377260981912,
    "map@1": 0.9579606440071556,
    "ndcg@1": 0.9579606440071556,
    "precision@3": 0.8300846623351053,
    "recall@3": 0.7965215662890082,
    "map@3": 0.9174368912741004,
    "ndcg@3": 0.9407401209972986,
    "precision@5": 0.6535735380980507,
    "recall@5": 0.9835171934009144,
    "map@5": 0.9457089379182402,
    "ndcg@5": 0.9681674012174201
  },
  "LightGBM": {
    "roc_auc": 0.8706631432617444,
    "pr_auc": 0.9443468512142272,
    "precision": 0.8695396998406976,
    "recall": 0.9129401408450705,
    "f1": 0.8907115558036672,
    "precision@1": 0.9497932663910219,
    "recall@1": 0.33454084675014906,
    "map@1": 0.9588550983899821,
    "ndcg@1": 0.9588550983899821,
    "precision@3": 0.8301831069108092,
    "recall@3": 0.7966805804015106,
    "map@3": 0.9173540714238388,
    "ndcg@3": 0.9407823982465343,
    "precision@5": 0.6532191376255168,
    "recall@5": 0.9831196581196581,
    "map@5": 0.9451402968263433,
    "ndcg@5": 0.96790873792258
  },
  "LightGBM_Ranker": {
    "roc_auc": 0.6082837719250285,
    "pr_auc": 0.8311511127828592,
    "precision": NaN,
    "recall": NaN,
    "f1": NaN,
    "precision@1": 0.9787359716479622,
    "recall@1": 0.34935400516795867,
    "map@1": 0.9880739415623137,
    "ndcg@1": 0.9880739415623137,
    "precision@3": 0.8622760385902737,
    "recall@3": 0.8287418008348241,
    "map@3": 0.9679901278738487,
    "ndcg@3": 0.977553881868347,
    "precision@5": 0.658830478440638,
    "recall@5": 0.9897336513615583,
    "map@5": 0.9803851123037169,
    "ndcg@5": 0.9890711812381
  }
}