{
  "XGBoost": {
    "roc_auc": 0.8720075434491005,
    "pr_auc": 0.9462211673693313,
    "precision": 0.870629663788044,
    "recall": 0.9140845070422535,
    "f1": 0.891828058573453,
    "precision@1": 0.9483165977554636,
    "recall@1": 0.33436195587358375,
    "map@1": 0.9573643410852714,
    "ndcg@1": 0.9573643410852714,
    "precision@3": 0.828706438275251,
    "recall@3": 0.7952643609620353,
    "map@3": 0.9158715961041541,
    "ndcg@3": 0.9395803107977195,
    "precision@5": 0.6533372711163615,
    "recall@5": 0.9831295965016896,
    "map@5": 0.9448358510567813,
    "ndcg@5": 0.967634726956992
  },
  "LightGBM": {
    "roc_auc": 0.8724554528256495,
    "pr_auc": 0.9460162433480831,
    "precision": 0.8714213539912429,
    "recall": 0.9110035211267605,
    "f1": 0.8907729385436391,
    "precision@1": 0.9477259303012404,
    "recall@1": 0.3338898827270921,
    "map@1": 0.956768038163387,
    "ndcg@1": 0.956768038163387,
    "precision@3": 0.8293955503051781,
    "recall@3": 0.7955625124229775,
    "map@3": 0.9161366196249917,
    "ndcg@3": 0.9397107530606754,
    "precision@5": 0.6535735380980507,
    "recall@5": 0.9834327171536474,
    "map@5": 0.9448339462002252,
    "ndcg@5": 0.9676257059064616
  },
  "LightGBM_Ranker": {
    "roc_auc": 0.6018551640458694,
    "pr_auc": 0.8255002467389401,
    "precision": NaN,
    "recall": NaN,
    "f1": NaN,
    "precision@1": 0.9784406379208506,
    "recall@1": 0.3494533889882727,
    "map@1": 0.9877757901013715,
    "ndcg@1": 0.9877757901013715,
    "precision@3": 0.8605040362276039,
    "recall@3": 0.8269429536871398,
    "map@3": 0.9661101172729079,
    "ndcg@3": 0.9761810808307543,
    "precision@5": 0.6587714116952156,
    "recall@5": 0.9897932816537468,
    "map@5": 0.9799208242231497,
    "ndcg@5": 0.9888729562780016
  }
}