{
  "XGBoost": {
    "roc_auc": 0.8712590078514565,
    "pr_auc": 0.9454495876073041,
    "precision": 0.870392091152815,
    "recall": 0.9145246478873239,
    "f1": 0.8919127747252747,
    "precision@1": 0.9453632604843473,
    "recall@1": 0.33286126018684153,
    "map@1": 0.9543828264758497,
    "ndcg@1": 0.9543828264758497,
    "precision@3": 0.8291986611537705,
    "recall@3": 0.7954283442655536,
    "map@3": 0.9153912409726364,
    "ndcg@3": 0.939036768947196,
    "precision@5": 0.6534554046072061,
    "recall@5": 0.9833730868614591,
    "map@5": 0.9442067514741933,
    "ndcg@5": 0.9670534706997058
  },
  "LightGBM": {
    "roc_auc": 0.8722561022839939,
    "pr_auc": 0.9456615486941325,
    "precision": 0.8714285714285714,
    "recall": 0.9128521126760564,
    "f1": 0.8916595012897678,
    "precision@1": 0.9494979326639102,
    "recall@1": 0.33488372093023255,
    "map@1": 0.9585569469290399,
    "ndcg@1": 0.9585569469290399,
    "precision@3": 0.8299862177594014,
    "recall@3": 0.7963178294573643,
    "map@3": 0.9169151262174517,
    "ndcg@3": 0.9404143872754194,
    "precision@5": 0.6533963378617837,
    "recall@5": 0.9832737030411449,
    "map@5": 0.9449331643808386,
    "ndcg@5": 0.967775973625048
  },
  "LightGBM_Ranker": {
    "roc_auc": 0.6029903948145394,
    "pr_auc": 0.8260038090271519,
    "precision": NaN,
    "recall": NaN,
    "f1": NaN,
    "precision@1": 0.9796219728292971,
    "recall@1": 0.3496521566289008,
    "map@1": 0.9889683959451401,
    "ndcg@1": 0.9889683959451401,
    "precision@3": 0.8620791494388659,
    "recall@3": 0.8291293977340489,
    "map@3": 0.9679238719936394,
    "ndcg@3": 0.977781518805458,
    "precision@5": 0.6590076786769049,
    "recall@5": 0.9900864639236733,
    "map@5": 0.9805757635990194,
    "ndcg@5": 0.9893996997253611
  }
}